{"stats":{"minecraft:mined":{"minecraft:spruce_log":2},"minecraft:custom":{"minecraft:jump":7,"minecraft:time_since_rest":3048,"minecraft:walk_on_water_one_cm":206,"minecraft:sprint_one_cm":938,"minecraft:play_time":3048,"minecraft:time_since_death":3048,"minecraft:walk_one_cm":2054,"minecraft:sneak_time":28,"minecraft:total_world_time":3048,"minecraft:fall_one_cm":538,"minecraft:fly_one_cm":10055},"minecraft:used":{"minecraft:spruce_log":1,"minecraft:grass_block":4},"minecraft:picked_up":{"minecraft:spruce_log":2}},"DataVersion":3953}